query,expected_answer,actual_answer,response_time,source_id,timestamp
Learn có mấy lộ trình chính?,Hai lộ trình: giao tiếp và từ vựng.,Learn có 2 lộ trình chính: lộ trình giao tiếp và lộ trình từ vựng.,7.10,,2025-04-28 02:28:45
Lộ trình giao tiếp của Learn có bao nhiêu chủ đề?,16 chủ đề thông dụng.,Lộ trình giao tiếp của Learn có 16 chủ đề thông dụng trong đời sống công việc.,6.19,,2025-04-28 02:28:45
Các bước học trong lộ trình giao tiếp là gì?,Nạp cụm → Thực hành → Mở rộng nâng cao.,Các bước học trong lộ trình giao tiếp bao gồm: Nạp cụm => Thực hành => Mở rộng nâng cao.,7.45,,2025-04-28 02:28:45
Đối tượng nào phù hợp với Learn?,Người trình độ A1–đầu A2.,Đối tượng phù hợp với Learn là những người có trình độ giữa A2 trở lên và muốn cải thiện kỹ năng giao tiếp và từ vựng tiếng Anh thông qua việc ôn tập các chủ đề thông dụng trong đời sống công việc.,10.44,,2025-04-28 02:28:45
Onion GPT có cho phép cá nhân hoá kịch bản không?,Có – học viên tự tạo tình huống theo nhu cầu.,Có, Onion GPT cho phép cá nhân hoá kịch bản để học viên có thể tạo tình huống theo mong muốn cá nhân và không ngại mở miệng thực hành.,9.10,,2025-04-28 02:28:45
Onion GPT hiện có mấy chủ đề giao tiếp?,6 chủ đề.,Hiện tại, Onion GPT có 16 chủ đề giao tiếp trong lộ trình giao tiếp của ứng dụng.,5.53,,2025-04-28 02:29:30
Trình độ tối thiểu để dùng Onion GPT?,Giữa A2 trở lên.,Trình độ tối thiểu để sử dụng Onion GPT là trình độ giữa A2 trở lên.,8.13,,2025-04-28 02:29:30
Gym có bao nhiêu phòng Club?,20 phòng.,Gym - Club có tổng cộng 20 phòng.,10.98,,2025-04-28 02:29:30
Mỗi phòng Club chứa tối đa bao nhiêu người?,2 người chơi và 1 người dự thính.,Mỗi phòng Club chứa tối đa 2 người chơi và 1 người dự thính, tức là tối đa 3 người.,9.83,,2025-04-28 02:29:30
Nghe hiểu trong Gym có bao nhiêu bài, mấy cấp độ?,138 bài, 6 cấp độ.,Trong Gym, có tổng cộng 20 bài nghe hiểu, mỗi bài tương ứng với một cấp độ khác nhau.,10.16,,2025-04-28 02:29:30
Thư viện IPA của Gym có bao nhiêu bài?,123 bài, bao phủ 18 cặp âm.,Thư viện IPA của Gym có tổng cộng 20 bài học.,6.15,,2025-04-28 02:30:18
Phương pháp chunking gồm mấy loại cụm?,2 loại: cụm cấu trúc và cụm thông tin.,Phương pháp chunking gồm hai loại cụm: cụm từ và cụm từ ngữ cảnh.,6.10,,2025-04-28 02:30:18
Spaced repetition là gì?,Ôn theo chu kỳ giờ-ngày-tuần-tháng để đưa kiến thức vào trí nhớ dài hạn.,Spaced repetition là một phương pháp học tập giúp người học nhớ thông tin lâu dài bằng cách lặp lại việc học ở các khoảng thời gian khác nhau. Điều này giúp củng cố kiến thức một cách hiệu quả và tối ưu hóa quá trình học tập.,8.15,,2025-04-28 02:30:18
Shadowing phải thực hiện như thế nào?,Lặp lại câu vừa nghe sau khoảng 150 ms.,Để thực hiện phương pháp shadowing, bạn cần lắng nghe một câu hoặc từ, sau đó lặp lại chúng ngay lập tức theo cách tự nhiên và chính xác nhất có thể. Quan trọng là phải tập trung vào cách phát âm, ngữ điệu và tốc độ của người nói gốc. Đồng thời, việc sử dụng phương pháp lặp lại ngắt quãng (Spaced repetition) sẽ giúp bạn cải thiện kỹ năng nói của mình một cách hiệu quả hơn.,13.29,,2025-04-28 02:30:18
Lợi ích chính của chunking?,Tăng tốc phản xạ, bớt lo ngữ pháp vì cấu trúc đã nằm trong cụm.,Lợi ích chính của chunking là giúp người học hiểu và nhớ thông tin hiệu quả hơn bằng cách chia nhỏ nó thành các phần nhỏ dễ quản lý và xử lý. Điều này giúp cải thiện khả năng tổ chức thông tin, tăng cường khả năng tập trung và giảm áp lực khi học.,14.61,,2025-04-28 02:30:18
Profile trong app dùng để làm gì?,Tổng kết kết quả học, kiểm tra nói, xếp hạng và cài đặt tài khoản.,Profile trong ứng dụng được sử dụng để tổng kết kết quả học tập, bao gồm bài kiểm tra trình độ nói và hiểu được trình độ của bản thân trong quá trình học.,12.83,,2025-04-28 02:31:16
Điểm khác biệt của The Coach so với app khác?,Có môi trường luyện tập giả lập giống giao tiếp với người thật.,The Coach có điểm khác biệt so với các ứng dụng khác bởi việc cung cấp 2 lộ trình chính là lộ trình giao tiếp và lộ trình từ vựng, với nhiều chủ đề thông dụng và tình huống thực tế trong đời sống công việc. Ngoài ra, The Coach còn cung cấp thư viện kỹ năng lồng tiếng mạnh mẽ và bài học cá nhân hóa cho người dùng.,13.88,,2025-04-28 02:31:16
Học phí app khoảng bao nhiêu tiền?,Khoảng 700 k – 1 500 k VNĐ.,Xin lỗi, thông tin về học phí của ứng dụng không được cung cấp trong ngữ cảnh đã cho. Bạn có thể tìm thông tin chi tiết về học phí trên trang web hoặc ứng dụng của ứng dụng học.,8.75,,2025-04-28 02:31:16
Cảm xúc người học khi dùng app?,Học nhẹ nhàng, không nhồi nhét; thoải mái và tự tin khi trò chuyện với AI.,Người học khi sử dụng ứng dụng có thể cảm thấy tự tin hơn khi thực hành nói, thường xuyên ôn tập kiến thức và tự đánh giá được trình độ của mình. Điều này giúp họ cảm thấy hứng thú và tiếp tục khám phá thêm về ngôn ngữ một cách tự tin.,11.39,,2025-04-28 02:31:16
Chunking giúp giải quyết vấn đề ngữ pháp như thế nào?,Cụm chứa sẵn cấu trúc nên người học không phải loay hoay tạo câu.,Chunking giúp giải quyết vấn đề ngữ pháp bằng cách chia nhỏ câu hoặc đoạn văn thành các phần nhỏ hơn, dễ quản lý và hiểu hơn. Khi tập trung vào từng phần nhỏ, người học có thể dễ dàng nhận biết cấu trúc ngữ pháp và áp dụng chúng vào việc sử dụng ngôn ngữ một cách chính xác.,10.44,,2025-04-28 02:31:16
